idx,item_id,chs_name,old_text,new_text,reason
148,ITEM_RAZZ_BERRY,蔓莓果,"可用于制作宝可方
块打磨强壮。黄色
的果实有点酸的",宝可方块的材料\n埋在土里可以培育\n出蔓莓果,JP袋说明是种植，非风味
149,ITEM_BLUK_BERRY,墨莓果,"可用于制作宝可方
块打磨美丽。蓝色
的果实有点涩的",宝可方块的材料\n埋在土里可以培育\n出墨莓果,日版原文为宝可方块材料及种植说明
150,ITEM_NANAB_BERRY,蕉香果,"捕捉宝可梦时，给
它就能稍微平复一
下情绪",宝可方块的材料\n埋在土里可以培育\n出蕉香果,原文张冠李戴，写成捕获效果
151,ITEM_WEPEAR_BERRY,西梨果,"可用于制作宝可方
块打磨聪明。绿色
的果实有点苦的",宝可方块的材料\n埋在土里可以培育\n出西梨果,JP袋说明是种植，非风味
152,ITEM_PINAP_BERRY,凰梨果,"可用于制作宝可方
块打磨强壮。黄色
的果实有点酸的",宝可方块的材料\n埋在土里可以培育\n出凰梨果,日版原文为宝可方块材料及种植说明
159,ITEM_CORNN_BERRY,玉黍果,"可用于制作宝可方
块打磨美丽。在其
他地区很少见",宝可方块的材料\n埋在土里可以培育\n出玉黍果,日版原文为宝可方块材料及种植说明
160,ITEM_MAGOST_BERRY,岳竹果,"可用于制作宝可方
块打磨可爱。在其
他地区很少见",宝可方块的材料\n埋在土里可以培育\n出岳竹果,日版原文为宝可方块材料及种植说明
161,ITEM_RABUTA_BERRY,茸丹果,"可用于制作宝可方
块打磨聪明。在其
他地区很少见",宝可方块的材料\n埋在土里可以培育\n出茸丹果,日版原文为宝可方块材料及种植说明
162,ITEM_NOMEL_BERRY,檬柠果,"可用于制作宝可方
块打磨强壮。在其
他地区很少见",宝可方块的材料\n埋在土里可以培育\n出檬柠果,日版原文为宝可方块材料及种植说明
163,ITEM_SPELON_BERRY,刺角果,"可用于制作宝可方
块打磨可爱。在其
他地区很少见",宝可方块的材料\n埋在土里可以培育\n出刺角果,日版原文为宝可方块材料及种植说明
164,ITEM_PAMTRE_BERRY,椰木果,"可用于制作宝可方
块打磨美丽。在其
他地区很少见",宝可方块的材料\n埋在土里可以培育\n出椰木果,日版原文为宝可方块材料及种植说明
165,ITEM_WATMEL_BERRY,瓜西果,"可用于制作宝可方
块打磨聪明。在其
他地区很少见",宝可方块的材料\n埋在土里可以培育\n出瓜西果,日版原文为宝可方块材料及种植说明
166,ITEM_DURIN_BERRY,金枕果,"可用于制作宝可方
块打磨聪明。在其
他地区很少见",宝可方块的材料\n埋在土里可以培育\n出金枕果,日版原文为宝可方块材料及种植说明
167,ITEM_BELUE_BERRY,靛莓果,"可用于制作宝可方
块打磨美丽。在其
他地区很少见",宝可方块的材料\n埋在土里可以培育\n出靛莓果,日版原文为宝可方块材料及种植说明
175,ITEM_ENIGMA_BERRY,谜芝果,"一种非常稀奇的树
果。不能作为宝可
方块的原料",宝可方块的材料\n埋在土里可以培育\n出谜芝果,日版明确写宝可方块材料及种植；说明中的名称统一为当前道具名谜芝果
73,ITEM_GUARD_SPEC,能力防守,"在战斗中，5回合
内不让我方能力降
低的道具",在战斗中使用，不\n让我方能力降低的\n道具,日版原文不写回合数；删除为忠实原文，并不表示五回合机制错误
74,ITEM_DIRE_HIT,要害攻击,"击中要害的几率会
大幅提高。只能使
用1次",在这场战斗中提高\n击中要害的几率,日版写在使用的这场战斗中更容易击中要害；去掉次数限制和原文未明确的大幅，补回战斗范围
76,ITEM_X_DEFEND,防御强化,"在战斗中提高防御
的道具。离场后效
果消失",在这场战斗中提高\n防御的道具,日版写在使用的这场战斗中提高防御；不写离场说明
80,ITEM_POKE_DOLL,皮皮玩偶,"能吸引宝可梦注
意。在野生宝可梦
的战斗中能逃走",与野生宝可梦战斗\n时，能必定逃走,日版不写吸引注意，明确写遭遇野生宝可梦时必定逃走；保留必定
81,ITEM_FLUFFY_TAIL,向尾喵的尾巴,"能吸引宝可梦注
意。在野生宝可梦
的战斗中能逃走",与野生宝可梦战斗\n时，能必定逃走,与皮皮玩偶相同；保留原文必定逃走的含义
63,ITEM_HP_UP,HP增强剂,"宝可梦的营养饮料
。能提高宝可梦的
HP的基础点数",能提高宝可梦的\nHP基础点数,JP无'营养饮料'，删
64,ITEM_PROTEIN,攻击增强剂,"宝可梦的营养饮料
。能提高宝可梦的
攻击的基础点数",能提高宝可梦的\n攻击基础点数,日版原文仅写提高对应能力基础点数
65,ITEM_IRON,防御增强剂,"宝可梦的营养饮料
。能提高宝可梦的
防御的基础点数",能提高宝可梦的\n防御基础点数,日版原文仅写提高对应能力基础点数
66,ITEM_CARBOS,速度增强剂,"宝可梦的营养饮料
。能提高宝可梦的
速度的基础点数",能提高宝可梦的\n速度基础点数,日版原文仅写提高对应能力基础点数
67,ITEM_CALCIUM,特攻增强剂,"宝可梦的营养饮料
。能提高宝可梦的
特攻的基础点数",能提高宝可梦的\n特攻基础点数,日版原文仅写提高对应能力基础点数
70,ITEM_ZINC,特防增强剂,"宝可梦的营养饮料
。能提高宝可梦的
特防的基础点数",能提高宝可梦的\n特防基础点数,日版原文仅写提高对应能力基础点数
280,ITEM_METEORITE,陨石,"原本是落入流星瀑
布里的陨石。是在
烟囱山获得的",落入流星瀑布里的\n陨石,日版提到流星瀑布，但没有烟囱山获得的说明
265,ITEM_SS_TICKET,船票,"乘坐渡轮时需要用
到的船票。上面绘
有船只的图案",乘坐渡轮时需要用\n到的船票,JP无图案，删后半句
266,ITEM_CONTEST_PASS,华丽大赛参加证,"拿着它就可以参加
华丽大赛。上面印
有纪念奖章",拿着它就可以参加\n华丽大赛,JP无奖章，删后半句
354,ITEM_OLD_AMBER,秘密琥珀,"封存着古代宝可梦
遗传基因的琥珀，
透着点红色",封存着古代宝可梦\n遗传信息的石头,日版为封存着古代宝可梦遗传信息的石头，不写颜色
370,ITEM_MYSTIC_TICKET,神秘船票,"前往肚脐岩时必要
的船票。神秘地发
着光",前往肚脐岩时必要\n的船票,JP无发光，删后半句
371,ITEM_AURORA_TICKET,极光船票,"前往诞生之岛时必
要的船票。美丽地
散发着光芒",前往诞生之岛时必\n要的船票,JP无发光，删后半句
83,ITEM_SUPER_REPEL,白银喷雾,"弱小的野生宝可梦
将不会出现。效果
比除虫喷雾持久",200步内，弱小\n的野生宝可梦将不\n会出现,JP有200步，补回步数
84,ITEM_MAX_REPEL,黄金喷雾,"弱小的野生宝可梦
将不会出现。效果
比白银喷雾持久",250步内，弱小\n的野生宝可梦将不\n会出现,JP有250步，补回步数
86,ITEM_REPEL,除虫喷雾,"使用后一段时间内
，弱小的野生宝可
梦将不会出现",100步内，弱小\n的野生宝可梦将不\n会出现,JP有100步，补回步数
48,ITEM_RED_SHARD,红色碎片,"好像是以前制作
的某道具的碎片",好像是以前制作的\n某道具的碎片，可\n以低价卖出,JP有'贱卖'，补回
49,ITEM_BLUE_SHARD,蓝色碎片,"好像是以前制作
的某道具的碎片",好像是以前制作的\n某道具的碎片，可\n以低价卖出,日版原文包含可以低价卖出
50,ITEM_YELLOW_SHARD,黄色碎片,"好像是以前制作
的某道具的碎片",好像是以前制作的\n某道具的碎片，可\n以低价卖出,日版原文包含可以低价卖出
51,ITEM_GREEN_SHARD,绿色碎片,"好像是以前制作
的某道具的碎片",好像是以前制作的\n某道具的碎片，可\n以低价卖出,日版原文包含可以低价卖出
103,ITEM_TINY_MUSHROOM,小蘑菇,"珍稀的小蘑菇。可
以在商店低价出售",普通的蘑菇，可以\n在商店低价出售,JP说'普通'，repo写'珍稀'反了
104,ITEM_BIG_MUSHROOM,大蘑菇,"珍稀的大蘑菇。
在一些爱好者
中非常有人气",珍稀的蘑菇，可以\n在商店高价出售,日版为珍稀的蘑菇，可以高价卖出；爱好者人气不符合本条原文，但不能据此认定地址串表
111,ITEM_HEART_SCALE,心之鳞片,"有着美丽心形外形
的珍稀鳞片。有些
人收到会很高兴",美丽的鳞片，在爱\n好者中很有人气,日版为美丽的鳞片，在爱好者中很有人气；不写心形或收到会高兴
369,ITEM_TEA,茶,"有一点点苦，却又
芬芳宜人的香茶",婆婆泡的美味茶，\n能解渴,日版写婆婆泡的美味茶，并说明能解渴
